yday,do_mgl,depth_m,,,,,,Calibration,
124.7976895,7.991552161,0.000, ,,,,,121,334
143.2776976,7.863365753,0.000, ,,,,,2,6
146.531489,7.478474733,0.000, ,,,,,,
150.8687207,6.093000965,0.000, ,,,,,,
153.7738803,6.084243881,0.000, ,,,,,,
159.5526492,6.480327142,0.000, ,,,,,,
163.0500096,6.403640445,0.000, ,,,,,,
169.197287,6.491258684,0.000, ,,,,,,
176.7974597,6.315068289,0.000, ,,,,,,
187.4602284,6.145093172,0.000, ,,,,,,
192.446767,6.97013727,0.000, ,,,,,,
197.3550607,6.486785343,0.000, ,,,,,,
204.463,6.198008947,0.000, ,,,,,,
212.1853201,5.916490622,0.000, ,,,,,,
217.5697091,6.011953502,0.000, ,,,,,,
223.5049679,5.377769988,0.000, ,,,,,,
230.2725259,6.014062786,0.000, ,,,,,,
237.3495931,5.620023635,0.000, ,,,,,,
241.375107,5.257363047,0.000, ,,,,,,
248.100703,5.750799248,0.000, ,,,,,,
251.183,7.38878276,0.000, ,,,,,,
254.8868757,7.492481327,0.000, ,,,,,,
258.372,6.333,0.000, ,,,,,,
264.3084522,6.744017276,0.000, ,,,,,,
270.428,6.215031344,0.000, ,,,,,,
273.8830481,5.995488051,0.000, ,,,,,,
277.7246232,5.527629882,0.000, ,,,,,,
280.967372,5.105145021,0.000, ,,,,,,
284.1542766,5.013551137,0.000, ,,,,,,
293.9374205,6.017025263,0.000, ,,,,,,
297.4259468,5.910263494,0.000, ,,,,,,
306.1909598,7.09464428,0.000, ,,,,,,
312.3139434,7.099556068,0.000, ,,,,,,
313.957403,6.96350132,0.000, ,,,,,,
330.0657685,7.618374777,0.000, ,,,,,,
124.949,7.984,8.000,,,,,,,
143.145,7.412,8.000,,,,,,,
146.237,6.997,8.000,,,,,,,
150.650,5.958,8.000,,,,,,,
153.581,5.950,8.000,,,,,,,
159.656,5.791,8.000,,,,,,,
168.953,6.182,8.000,,,,,,,
176.873,5.790,8.000,,,,,,,
187.169,4.808,8.000,,,,,,,
192.288,3.997,8.000,,,,,,,
197.496,3.494,8.000,,,,,,,
204.272,3.986,8.000,,,,,,,
212.128,2.510,8.000,,,,,,,
217.520,1.762,8.000,,,,,,,
223.453,2.424,8.000,,,,,,,
230.256,1.268,8.000,,,,,,,
236.876,1.013,8.000,,,,,,,
241.207,4.902,8.000,,,,,,,
248.416,5.202,8.000,,,,,,,
251.534,5.326,8.000,,,,,,,
254.681,4.823,8.000,,,,,,,
258.336,5.328,8.000,,,,,,,
264.605,5.686,8.000,,,,,,,
270.283,5.840,8.000,,,,,,,
273.673,5.802,8.000,,,,,,,
284.280,5.009,8.000,,,,,,,
293.579,4.827,8.000,,,,,,,
297.450,5.703,8.000,,,,,,,
306.561,6.691,8.000,,,,,,,
312.177,6.271,8.000,,,,,,,
314.506,6.965,8.000,,,,,,,
330.003,7.621,8.000,,,,,,,
124.845,7.980,22.000,,,,,,,
142.914,5.234,22.000,,,,,,,
146.189,4.230,22.000,,,,,,,
150.545,4.730,22.000,,,,,,,
153.386,3.983,22.000,,,,,,,
159.212,2.978,22.000,,,,,,,
162.688,1.785,22.000,,,,,,,
168.931,0.461,22.000,,,,,,,
176.763,0.207,22.000,,,,,,,
187.460,0.152,22.000,,,,,,,
192.269,0.025,22.000,,,,,,,
223.517,0.036,22.000,,,,,,,
236.652,0.031,22.000,,,,,,,
258.331,0.028,22.000,,,,,,,
280.011,0.025,22.000,,,,,,,
284.538,5.017,22.000,,,,,,,
293.847,4.581,22.000,,,,,,,
297.237,5.701,22.000,,,,,,,
306.271,6.499,22.000,,,,,,,
312.103,5.513,22.000,,,,,,,
314.441,6.960,22.000,,,,,,,
329.810,7.617,22.000,,,,,,,
124.590,7.980,10.000,,,,,,,
143.174,6.989,10.000,,,,,,,
146.344,6.492,10.000,,,,,,,
150.749,5.857,10.000,,,,,,,
153.807,5.850,10.000,,,,,,,
159.442,5.497,10.000,,,,,,,
163.015,5.501,10.000,,,,,,,
168.847,5.386,10.000,,,,,,,
176.820,4.743,10.000,,,,,,,
187.055,3.116,10.000,,,,,,,
192.405,3.095,10.000,,,,,,,
197.240,1.752,10.000,,,,,,,
204.431,1.486,10.000,,,,,,,
212.336,0.611,10.000,,,,,,,
217.409,0.515,10.000,,,,,,,
223.168,0.149,10.000,,,,,,,
230.045,0.115,10.000,,,,,,,
236.559,0.150,10.000,,,,,,,
241.443,3.751,10.000,,,,,,,
248.147,2.263,10.000,,,,,,,
251.107,4.524,10.000,,,,,,,
254.505,3.501,10.000,,,,,,,
258.315,3.011,10.000,,,,,,,
264.441,4.763,10.000,,,,,,,
270.471,5.756,10.000,,,,,,,
273.770,5.699,10.000,,,,,,,
277.702,4.757,10.000,,,,,,,
280.868,5.113,10.000,,,,,,,
284.534,5.005,10.000,,,,,,,
293.999,5.533,10.000,,,,,,,
297.621,5.707,10.000,,,,,,,
306.326,6.687,10.000,,,,,,,
312.519,6.929,10.000,,,,,,,
314.568,6.959,10.000,,,,,,,
330.065,7.617,10.000,,,,,,,