date,yday,depth_m,temp_C,confidence
1906-04-08,98,0,2.2,user
1906-04-08,98,5,2.2,user
1906-04-08,98,8,2.2,user
1906-04-08,98,10,2.2,user
1906-04-08,98,12,2.2,user
1906-04-08,98,15,2.2,user
1906-04-08,98,18,2.2,user
1906-04-08,98,20,2.2,user
1906-04-08,98,22,2.2,user
1906-04-20,110,0,5.0,user
1906-04-20,110,5,4.89,user
1906-04-20,110,8,4.82,user
1906-04-20,110,10,4.77,user
1906-04-20,110,12,4.73,user
1906-04-20,110,15,4.66,user
1906-04-20,110,18,4.59,user
1906-04-20,110,20,4.55,user
1906-04-20,110,22,4.5,user
1906-05-05,125.4,0,8.4,high
1906-05-05,125.4,5,8.4,low
1906-05-05,125.4,8,8.4,low
1906-05-05,125.4,10,8.4,low
1906-05-05,125.4,12,8.4,low
1906-05-05,125.4,15,8.4,low
1906-05-05,125.4,18,8.4,low
1906-05-05,125.4,20,7.8,low
1906-05-05,125.4,22,7.8,low
1906-05-16,136.7,0,12.6,high
1906-05-16,136.7,5,11.1,low
1906-05-16,136.7,8,11.1,low
1906-05-16,136.7,10,11.1,high
1906-05-16,136.7,12,10.8,low
1906-05-16,136.7,15,10.2,low
1906-05-16,136.7,18,10.0,low
1906-05-16,136.7,20,9.6,low
1906-05-16,136.7,22,9.6,low
1906-05-23,143.1,0,15.6,high
1906-05-23,143.1,5,15.1,high
1906-05-23,143.1,8,15.1,low
1906-05-23,143.1,10,14.5,high
1906-05-23,143.1,12,13.0,high
1906-05-23,143.1,15,12.4,high
1906-05-23,143.1,18,11.8,high
1906-05-23,143.1,20,11.2,low
1906-05-23,143.1,22,11.2,low
1906-05-27,147.2,0,17.05,high
1906-05-27,147.2,5,13.8,high
1906-05-27,147.2,8,13.8,low
1906-05-27,147.2,10,12.6,high
1906-05-27,147.2,12,12.3,high
1906-05-27,147.2,15,11.3,high
1906-05-27,147.2,18,10.55,high
1906-05-27,147.2,20,10.15,high
1906-05-27,147.2,22,9.7,high
1906-05-31,151.0,0,14.9,high
1906-05-31,151.0,5,13.5,high
1906-05-31,151.0,8,13.5,low
1906-05-31,151.0,10,13.25,high
1906-05-31,151.0,12,13.1,high
1906-05-31,151.0,15,12.95,high
1906-05-31,151.0,18,12.0,high
1906-05-31,151.0,20,11.3,high
1906-05-31,151.0,22,11.0,high
1906-06-03,154.2,0,15.2,high
1906-06-03,154.2,5,15.2,low
1906-06-03,154.2,8,14.3,high
1906-06-03,154.2,10,13.5,high
1906-06-03,154.2,12,13.1,high
1906-06-03,154.2,15,12.5,high
1906-06-03,154.2,18,11.9,high
1906-06-03,154.2,20,11.5,high
1906-06-03,154.2,22,11.3,high
1906-06-08,159.9,0,18.8,high
1906-06-08,159.9,5,18.8,low
1906-06-08,159.9,8,15.0,high
1906-06-08,159.9,10,13.8,high
1906-06-08,159.9,12,12.8,high
1906-06-08,159.9,15,12.5,high
1906-06-08,159.9,18,11.9,high
1906-06-08,159.9,20,11.6,high
1906-06-08,159.9,22,11.5,high
1906-06-11,162.7,0,19.1,high
1906-06-11,162.7,5,18.7,high
1906-06-11,162.7,8,16.7,high
1906-06-11,162.7,10,16.0,high
1906-06-11,162.7,12,14.0,high
1906-06-11,162.7,15,12.9,high
1906-06-11,162.7,18,11.9,high
1906-06-11,162.7,20,11.6,high
1906-06-11,162.7,22,11.5,high
1906-06-18,169.9,0,21.9,high
1906-06-18,169.9,5,18.0,high
1906-06-18,169.9,8,17.5,high
1906-06-18,169.9,10,16.7,high
1906-06-18,169.9,12,14.0,high
1906-06-18,169.9,15,12.9,high
1906-06-18,169.9,18,12.1,high
1906-06-18,169.9,20,11.75,high
1906-06-18,169.9,22,11.4,high
1906-06-25,176.0,0,18.3,high
1906-06-25,176.0,5,17.7,high
1906-06-25,176.0,8,16.8,high
1906-06-25,176.0,10,15.7,high
1906-06-25,176.0,12,14.5,high
1906-06-25,176.0,15,13.1,high
1906-06-25,176.0,18,12.1,high
1906-06-25,176.0,20,11.9,high
1906-06-25,176.0,22,11.5,high
1906-07-06,187.3,0,19.7,high
1906-07-06,187.3,5,19.2,high
1906-07-06,187.3,8,16.1,high
1906-07-06,187.3,10,14.1,high
1906-07-06,187.3,12,13.2,high
1906-07-06,187.3,15,12.5,high
1906-07-06,187.3,18,11.75,high
1906-07-06,187.3,20,11.5,high
1906-07-06,187.3,22,11.1,high
1906-07-11,192.1,0,24.2,high
1906-07-11,192.1,5,20.1,high
1906-07-11,192.1,8,17.7,high
1906-07-11,192.1,10,15.2,high
1906-07-11,192.1,12,14.0,high
1906-07-11,192.1,15,13.1,high
1906-07-11,192.1,18,11.5,high
1906-07-11,192.1,20,11.2,high
1906-07-11,192.1,22,10.75,high
1906-07-16,197.4,0,24.4,high
1906-07-16,197.4,5,22.0,high
1906-07-16,197.4,8,18.8,high
1906-07-16,197.4,10,15.5,high
1906-07-16,197.4,12,14.1,high
1906-07-16,197.4,15,12.6,high
1906-07-16,197.4,18,11.8,high
1906-07-16,197.4,20,11.3,high
1906-07-16,197.4,22,10.85,high
1906-07-24,205.3,0,24.0,high
1906-07-24,205.3,5,23.0,high
1906-07-24,205.3,8,21.0,high
1906-07-24,205.3,10,17.3,high
1906-07-24,205.3,12,15.3,high
1906-07-24,205.3,15,13.5,high
1906-07-24,205.3,18,12.9,high
1906-07-24,205.3,20,11.4,high
1906-07-24,205.3,22,11.1,high
1906-07-31,212.9,0,25.5,high
1906-07-31,212.9,5,24.5,high
1906-07-31,212.9,8,23.6,high
1906-07-31,212.9,10,16.6,high
1906-07-31,212.9,12,15.0,high
1906-07-31,212.9,15,13.8,high
1906-07-31,212.9,18,13.1,high
1906-07-31,212.9,20,11.8,high
1906-07-31,212.9,22,11.5,high
1906-08-05,217.9,0,25.5,high
1906-08-05,217.9,5,24.3,high
1906-08-05,217.9,8,23.7,high
1906-08-05,217.9,10,17.5,high
1906-08-05,217.9,12,15.3,high
1906-08-05,217.9,15,14.1,high
1906-08-05,217.9,18,13.0,high
1906-08-05,217.9,20,12.55,high
1906-08-05,217.9,22,12.5,low
1906-08-12,224.2,0,25.0,high
1906-08-12,224.2,5,24.4,high
1906-08-12,224.2,8,17.0,high
1906-08-12,224.2,10,16.5,high
1906-08-12,224.2,12,15.7,high
1906-08-12,224.2,15,13.5,high
1906-08-12,224.2,18,13.3,high
1906-08-12,224.2,20,13.1,high
1906-08-12,224.2,22,12.5,high
1906-08-19,231.0,0,24.5,high
1906-08-19,231.0,5,24.2,high
1906-08-19,231.0,8,21.6,high
1906-08-19,231.0,10,16.85,high
1906-08-19,231.0,12,15.8,high
1906-08-19,231.0,15,13.3,high
1906-08-19,231.0,18,13.1,high
1906-08-19,231.0,20,12.7,high
1906-08-19,231.0,22,12.5,high
1906-08-26,238.1,0,25.0,high
1906-08-26,238.1,5,24.6,high
1906-08-26,238.1,8,21.1,high
1906-08-26,238.1,10,18.8,high
1906-08-26,238.1,12,15.55,high
1906-08-26,238.1,15,13.5,high
1906-08-26,238.1,18,11.9,high
1906-08-26,238.1,20,11.7,high
1906-08-26,238.1,22,11.5,high
1906-08-31,243.6,0,22.9,high
1906-08-31,243.6,5,22.7,high
1906-08-31,243.6,8,22.5,high
1906-08-31,243.6,10,20.0,high
1906-08-31,243.6,12,16.0,high
1906-08-31,243.6,15,14.0,high
1906-08-31,243.6,18,12.5,low
1906-08-31,243.6,20,12.3,low
1906-08-31,243.6,22,12.2,low
1906-09-06,249.3,0,21.7,high
1906-09-06,249.3,5,21.5,high
1906-09-06,249.3,8,20.7,high
1906-09-06,249.3,10,20.1,high
1906-09-06,249.3,12,16.5,high
1906-09-06,249.3,15,13.8,high
1906-09-06,249.3,18,13.2,high
1906-09-06,249.3,20,12.9,high
1906-09-06,249.3,22,12.9,low
1906-09-11,254.7,0,24.0,high
1906-09-11,254.7,5,22.9,high
1906-09-11,254.7,8,20.6,high
1906-09-11,254.7,10,19.6,high
1906-09-11,254.7,12,17.0,high
1906-09-11,254.7,15,13.9,high
1906-09-11,254.7,18,13.5,high
1906-09-11,254.7,20,12.9,high
1906-09-11,254.7,22,12.9,low
1906-09-15,258.9,0,22.5,high
1906-09-15,258.9,5,20.6,high
1906-09-15,258.9,8,20.2,high
1906-09-15,258.9,10,20.0,high
1906-09-15,258.9,12,18.1,high
1906-09-15,258.9,15,14.6,high
1906-09-15,258.9,18,14.3,high
1906-09-15,258.9,20,14.1,high
1906-09-15,258.9,22,13.8,high
1906-09-21,264.4,0,21.9,high
1906-09-21,264.4,5,20.8,high
1906-09-21,264.4,8,20.4,high
1906-09-21,264.4,10,20.1,high
1906-09-21,264.4,12,18.9,high
1906-09-21,264.4,15,14.9,high
1906-09-21,264.4,18,14.1,high
1906-09-21,264.4,20,13.8,high
1906-09-21,264.4,22,13.6,high
1906-09-27,270.2,0,19.9,high
1906-09-27,270.2,5,19.8,high
1906-09-27,270.2,8,19.7,high
1906-09-27,270.2,10,19.55,high
1906-09-27,270.2,12,19.35,high
1906-09-27,270.2,15,14.2,high
1906-09-27,270.2,18,13.4,high
1906-09-27,270.2,20,13.1,high
1906-09-27,270.2,22,12.9,high
1906-10-01,274.1,0,18.6,high
1906-10-01,274.1,5,18.4,low
1906-10-01,274.1,8,18.3,high
1906-10-01,274.1,10,18.3,low
1906-10-01,274.1,12,18.2,low
1906-10-01,274.1,15,14.2,high
1906-10-01,274.1,18,13.3,high
1906-10-01,274.1,20,13.1,high
1906-10-01,274.1,22,12.8,high
1906-10-05,278.4,0,18.7,high
1906-10-05,278.4,5,17.35,high
1906-10-05,278.4,8,16.8,high
1906-10-05,278.4,10,16.8,low
1906-10-05,278.4,12,16.1,high
1906-10-05,278.4,15,15.1,high
1906-10-05,278.4,18,13.3,high
1906-10-05,278.4,20,13.1,high
1906-10-05,278.4,22,12.8,high
1906-10-07,280.3,0,16.7,high
1906-10-07,280.3,5,16.7,low
1906-10-07,280.3,8,16.7,low
1906-10-07,280.3,10,16.7,low
1906-10-07,280.3,12,16.5,low
1906-10-07,280.3,15,16.3,high
1906-10-07,280.3,18,13.2,high
1906-10-07,280.3,20,12.8,high
1906-10-07,280.3,22,12.8,low
1906-10-09,282.3,0,16.8,high
1906-10-09,282.3,5,15.8,low
1906-10-09,282.3,8,15.8,low
1906-10-09,282.3,10,15.8,low
1906-10-09,282.3,12,15.4,low
1906-10-09,282.3,15,15.4,low
1906-10-09,282.3,18,13.65,high
1906-10-09,282.3,20,13.1,high
1906-10-09,282.3,22,13.1,low
1906-10-12,285.1,0,14.5,high
1906-10-12,285.1,5,14.5,low
1906-10-12,285.1,8,14.5,low
1906-10-12,285.1,10,14.5,low
1906-10-12,285.1,12,14.2,low
1906-10-12,285.1,15,14.2,low
1906-10-12,285.1,18,14.2,low
1906-10-12,285.1,20,13.9,low
1906-10-12,285.1,22,13.9,low
1906-10-22,295.1,0,14.3,high
1906-10-22,295.1,5,14.3,low
1906-10-22,295.1,8,14.3,low
1906-10-22,295.1,10,14.3,low
1906-10-22,295.1,12,13.9,low
1906-10-22,295.1,15,13.9,low
1906-10-22,295.1,18,13.9,low
1906-10-22,295.1,20,13.65,low
1906-10-22,295.1,22,13.65,low
1906-10-25,298.2,0,13.5,high
1906-10-25,298.2,5,13.5,low
1906-10-25,298.2,8,13.5,low
1906-10-25,298.2,10,13.5,low
1906-10-25,298.2,12,13.5,low
1906-10-25,298.2,15,13.5,low
1906-10-25,298.2,18,13.5,low
1906-10-25,298.2,20,13.5,low
1906-10-25,298.2,22,13.5,low
1906-11-01,305.3,0,11.1,low
1906-11-01,305.3,5,11.1,low
1906-11-01,305.3,8,11.1,low
1906-11-01,305.3,10,11.1,low
1906-11-01,305.3,12,11.1,low
1906-11-01,305.3,15,11.1,low
1906-11-01,305.3,18,11.1,low
1906-11-01,305.3,20,11.1,low
1906-11-01,305.3,22,11.1,low
