date,yday,depth_m,do_mLL,do_mgL,confidence
1906-04-08,98,0,7.9,11.29,user
1906-04-08,98,5,7.9,11.29,user
1906-04-08,98,6,7.9,11.29,user
1906-04-08,98,7,7.9,11.29,user
1906-04-08,98,8,7.9,11.29,user
1906-04-08,98,10,7.9,11.29,user
1906-04-08,98,12,7.9,11.29,user
1906-04-08,98,15,7.9,11.29,user
1906-04-08,98,18,7.9,11.29,user
1906-04-08,98,20,7.9,11.29,user
1906-04-08,98,22,7.9,11.29,user
1906-04-20,110,0,8.0,11.43,user
1906-04-20,110,5,8.0,11.43,user
1906-04-20,110,6,8.0,11.43,user
1906-04-20,110,7,8.0,11.43,user
1906-04-20,110,8,8.0,11.43,user
1906-04-20,110,10,8.0,11.43,user
1906-04-20,110,12,8.0,11.43,user
1906-04-20,110,15,8.0,11.43,user
1906-04-20,110,18,8.0,11.43,user
1906-04-20,110,20,7.8,11.15,user
1906-04-20,110,22,7.5,10.72,user
1906-05-04,124.8,0,7.99,11.42,anchor
1906-05-04,124.8,5,7.99,11.42,user
1906-05-04,124.8,6,7.99,11.42,user
1906-05-04,124.8,7,7.99,11.42,user
1906-05-04,124.8,8,7.98,11.4,anchor
1906-05-04,124.8,10,7.98,11.4,anchor
1906-05-04,124.8,12,7.99,11.42,low
1906-05-04,124.8,15,7.99,11.42,low
1906-05-04,124.8,18,7.99,11.42,low
1906-05-04,124.8,20,7.99,11.42,low
1906-05-04,124.8,22,7.98,11.4,anchor
1906-05-23,143.3,0,7.86,11.23,anchor
1906-05-23,143.3,5,7.86,11.23,user
1906-05-23,143.3,6,7.86,11.23,user
1906-05-23,143.3,7,7.86,11.23,user
1906-05-23,143.3,8,7.41,10.59,anchor
1906-05-23,143.3,10,6.99,9.99,anchor
1906-05-23,143.3,12,6.95,9.93,high
1906-05-23,143.3,15,6.8,9.72,high
1906-05-23,143.3,18,6.2,8.86,high
1906-05-23,143.3,20,5.4,7.72,high
1906-05-23,143.3,22,5.23,7.47,anchor
1906-05-26,146.5,0,7.48,10.69,anchor
1906-05-26,146.5,5,7.48,10.69,user
1906-05-26,146.5,6,7.48,10.69,user
1906-05-26,146.5,7,7.48,10.69,user
1906-05-26,146.5,8,7.0,10.0,anchor
1906-05-26,146.5,10,6.49,9.27,anchor
1906-05-26,146.5,12,6.01,8.59,high
1906-05-26,146.5,15,5.75,8.22,high
1906-05-26,146.5,18,5.58,7.97,high
1906-05-26,146.5,20,5.25,7.5,high
1906-05-26,146.5,22,4.23,6.04,anchor
1906-05-30,150.9,0,6.09,8.7,anchor
1906-05-30,150.9,5,6.09,8.7,user
1906-05-30,150.9,6,6.09,8.7,user
1906-05-30,150.9,7,6.09,8.7,user
1906-05-30,150.9,8,5.96,8.52,anchor
1906-05-30,150.9,10,5.86,8.37,anchor
1906-05-30,150.9,12,5.8,8.29,high
1906-05-30,150.9,15,5.52,7.89,high
1906-05-30,150.9,18,5.3,7.57,high
1906-05-30,150.9,20,5.0,7.15,high
1906-05-30,150.9,22,4.73,6.76,anchor
1906-06-02,153.8,0,6.08,8.69,anchor
1906-06-02,153.8,5,6.08,8.69,user
1906-06-02,153.8,6,6.08,8.69,user
1906-06-02,153.8,7,6.08,8.69,user
1906-06-02,153.8,8,5.95,8.5,anchor
1906-06-02,153.8,10,5.85,8.36,anchor
1906-06-02,153.8,12,5.77,8.25,high
1906-06-02,153.8,15,5.42,7.75,high
1906-06-02,153.8,18,4.65,6.64,high
1906-06-02,153.8,20,4.45,6.36,high
1906-06-02,153.8,22,3.98,5.69,anchor
1906-06-08,159.6,0,6.48,9.26,anchor
1906-06-08,159.6,5,6.48,9.26,user
1906-06-08,159.6,6,6.48,9.26,user
1906-06-08,159.6,7,6.48,9.26,user
1906-06-08,159.6,8,5.79,8.27,anchor
1906-06-08,159.6,10,5.5,7.86,anchor
1906-06-08,159.6,12,5.15,7.36,high
1906-06-08,159.6,15,4.5,6.43,high
1906-06-08,159.6,18,3.95,5.64,high
1906-06-08,159.6,20,3.45,4.93,high
1906-06-08,159.6,22,2.98,4.26,anchor
1906-06-12,163.1,0,6.4,9.15,anchor
1906-06-12,163.1,5,6.4,9.15,user
1906-06-12,163.1,6,6.4,9.15,user
1906-06-12,163.1,7,6.4,9.15,user
1906-06-12,163.1,10,5.5,7.86,anchor
1906-06-12,163.1,12,4.85,6.93,high
1906-06-12,163.1,15,4.15,5.93,high
1906-06-12,163.1,18,2.68,3.83,high
1906-06-12,163.1,20,2.15,3.07,high
1906-06-12,163.1,22,1.78,2.54,anchor
1906-06-18,169.2,0,6.49,9.27,anchor
1906-06-18,169.2,5,6.36,9.09,low
1906-06-18,169.2,6,6.49,9.27,user
1906-06-18,169.2,7,6.49,9.27,user
1906-06-18,169.2,8,6.18,8.83,anchor
1906-06-18,169.2,10,5.39,7.7,anchor
1906-06-18,169.2,12,4.15,5.93,high
1906-06-18,169.2,15,3.0,4.29,high
1906-06-18,169.2,18,2.55,3.64,high
1906-06-18,169.2,20,1.3,1.86,high
1906-06-18,169.2,22,0.46,0.66,anchor
1906-06-25,176.8,0,6.32,9.03,anchor
1906-06-25,176.8,5,6.18,8.83,high
1906-06-25,176.8,6,6.03,8.62,high
1906-06-25,176.8,7,5.95,8.5,high
1906-06-25,176.8,8,5.79,8.27,anchor
1906-06-25,176.8,10,4.74,6.77,anchor
1906-06-25,176.8,12,3.9,5.57,high
1906-06-25,176.8,15,2.99,4.27,high
1906-06-25,176.8,18,2.81,4.02,high
1906-06-25,176.8,20,0.91,1.3,high
1906-06-25,176.8,22,0.21,0.3,anchor
1906-07-06,187.5,0,6.15,8.79,anchor
1906-07-06,187.5,5,6.07,8.67,high
1906-07-06,187.5,6,5.8,8.29,low
1906-07-06,187.5,7,5.42,7.75,high
1906-07-06,187.5,8,4.81,6.87,anchor
1906-07-06,187.5,10,3.12,4.46,anchor
1906-07-06,187.5,12,2.42,3.46,high
1906-07-06,187.5,15,1.58,2.26,high
1906-07-06,187.5,18,0.85,1.21,high
1906-07-06,187.5,20,0.45,0.64,high
1906-07-06,187.5,22,0.15,0.21,anchor
1906-07-11,192.4,0,6.97,9.96,anchor
1906-07-11,192.4,5,6.88,9.83,high
1906-07-11,192.4,6,6.5,9.29,high
1906-07-11,192.4,7,5.35,7.65,high
1906-07-11,192.4,8,4.0,5.72,anchor
1906-07-11,192.4,10,3.1,4.43,anchor
1906-07-11,192.4,12,2.3,3.29,high
1906-07-11,192.4,15,0.85,1.21,low
1906-07-11,192.4,18,0.3,0.43,low
1906-07-11,192.4,20,0.05,0.07,high
1906-07-11,192.4,22,0.03,0.04,anchor
1906-07-16,197.4,0,6.49,9.27,anchor
1906-07-16,197.4,5,6.49,9.27,user
1906-07-16,197.4,6,6.0,8.57,high
1906-07-16,197.4,7,4.5,6.43,high
1906-07-16,197.4,8,3.49,4.99,anchor
1906-07-16,197.4,10,1.75,2.5,anchor
1906-07-16,197.4,12,0.6,0.86,high
1906-07-16,197.4,15,0.03,0.04,low
1906-07-16,197.4,18,0.03,0.04,low
1906-07-16,197.4,20,0.03,0.04,low
1906-07-16,197.4,22,0.0,0.0,user
1906-07-23,204.5,0,6.2,8.86,anchor
1906-07-23,204.5,5,6.0,8.57,high
1906-07-23,204.5,6,5.5,7.86,high
1906-07-23,204.5,7,5.0,7.15,high
1906-07-23,204.5,8,3.99,5.7,anchor
1906-07-23,204.5,10,1.49,2.13,anchor
1906-07-23,204.5,12,0.3,0.43,high
1906-07-23,204.5,15,0.03,0.04,low
1906-07-23,204.5,18,0.03,0.04,low
1906-07-23,204.5,20,0.03,0.04,low
1906-07-23,204.5,22,0.0,0.0,user
1906-07-31,212.2,0,5.92,8.46,anchor
1906-07-31,212.2,5,5.15,7.36,low
1906-07-31,212.2,6,5.15,7.36,low
1906-07-31,212.2,7,5.15,7.36,low
1906-07-31,212.2,8,2.51,3.59,anchor
1906-07-31,212.2,10,0.61,0.87,anchor
1906-07-31,212.2,12,0.15,0.21,high
1906-07-31,212.2,15,0.03,0.04,low
1906-07-31,212.2,18,0.03,0.04,low
1906-07-31,212.2,20,0.03,0.04,low
1906-07-31,212.2,22,0.0,0.0,user
1906-08-05,217.6,0,6.01,8.59,anchor
1906-08-05,217.6,5,5.8,8.29,high
1906-08-05,217.6,6,5.0,7.15,high
1906-08-05,217.6,7,3.78,5.4,high
1906-08-05,217.6,8,1.76,2.52,anchor
1906-08-05,217.6,10,0.52,0.74,anchor
1906-08-05,217.6,12,0.08,0.11,low
1906-08-05,217.6,15,0.07,0.1,high
1906-08-05,217.6,18,0.03,0.04,low
1906-08-05,217.6,20,0.03,0.04,low
1906-08-05,217.6,22,0.0,0.0,user
1906-08-11,223.5,0,5.38,7.69,anchor
1906-08-11,223.5,5,5.15,7.36,high
1906-08-11,223.5,6,4.98,7.12,high
1906-08-11,223.5,7,4.43,6.33,high
1906-08-11,223.5,8,2.42,3.46,anchor
1906-08-11,223.5,10,0.15,0.21,anchor
1906-08-11,223.5,12,0.05,0.07,low
1906-08-11,223.5,15,0.0,0.0,high
1906-08-11,223.5,18,0.03,0.04,low
1906-08-11,223.5,20,0.03,0.04,low
1906-08-11,223.5,22,0.04,0.06,anchor
1906-08-18,230.3,0,6.01,8.59,anchor
1906-08-18,230.3,5,5.8,8.29,high
1906-08-18,230.3,6,5.6,8.0,high
1906-08-18,230.3,7,4.78,6.83,high
1906-08-18,230.3,8,1.27,1.81,anchor
1906-08-18,230.3,10,0.12,0.17,anchor
1906-08-18,230.3,12,0.05,0.07,low
1906-08-18,230.3,15,0.03,0.04,low
1906-08-18,230.3,18,0.03,0.04,low
1906-08-18,230.3,20,0.03,0.04,low
1906-08-18,230.3,22,0.0,0.0,user
1906-08-25,237.3,0,5.62,8.03,anchor
1906-08-25,237.3,5,5.15,7.36,high
1906-08-25,237.3,6,4.85,6.93,high
1906-08-25,237.3,7,4.42,6.32,high
1906-08-25,237.3,8,1.01,1.44,anchor
1906-08-25,237.3,10,0.15,0.21,anchor
1906-08-25,237.3,12,0.03,0.04,low
1906-08-25,237.3,15,0.03,0.04,low
1906-08-25,237.3,18,0.03,0.04,low
1906-08-25,237.3,20,0.03,0.04,low
1906-08-25,237.3,22,0.03,0.04,anchor
1906-08-29,241.4,0,5.26,7.52,anchor
1906-08-29,241.4,5,4.92,7.03,low
1906-08-29,241.4,6,4.92,7.03,low
1906-08-29,241.4,7,4.92,7.03,low
1906-08-29,241.4,8,4.9,7.0,anchor
1906-08-29,241.4,10,3.75,5.36,anchor
1906-08-29,241.4,12,0.03,0.04,high
1906-08-29,241.4,15,0.03,0.04,low
1906-08-29,241.4,18,0.03,0.04,low
1906-08-29,241.4,20,0.03,0.04,low
1906-08-29,241.4,22,0.0,0.0,user
1906-09-05,248.1,0,5.75,8.22,anchor
1906-09-05,248.1,5,5.75,8.22,user
1906-09-05,248.1,6,5.75,8.22,user
1906-09-05,248.1,7,5.75,8.22,user
1906-09-05,248.1,8,5.2,7.43,anchor
1906-09-05,248.1,10,2.26,3.23,anchor
1906-09-05,248.1,12,0.1,0.14,low
1906-09-05,248.1,15,0.03,0.04,low
1906-09-05,248.1,18,0.03,0.04,low
1906-09-05,248.1,20,0.03,0.04,low
1906-09-05,248.1,22,0.0,0.0,user
1906-09-08,251.2,0,7.39,10.56,anchor
1906-09-08,251.2,5,5.8,8.29,high
1906-09-08,251.2,6,7.39,10.56,user
1906-09-08,251.2,7,7.39,10.56,user
1906-09-08,251.2,8,5.33,7.62,anchor
1906-09-08,251.2,10,4.52,6.46,anchor
1906-09-08,251.2,12,0.15,0.21,high
1906-09-08,251.2,15,0.03,0.04,low
1906-09-08,251.2,18,0.03,0.04,low
1906-09-08,251.2,20,0.03,0.04,low
1906-09-08,251.2,22,0.0,0.0,user
1906-09-11,254.9,0,7.49,10.7,anchor
1906-09-11,254.9,5,7.2,10.29,high
1906-09-11,254.9,6,7.49,10.7,user
1906-09-11,254.9,7,7.49,10.7,user
1906-09-11,254.9,8,4.82,6.89,anchor
1906-09-11,254.9,10,3.5,5.0,anchor
1906-09-11,254.9,12,0.08,0.11,high
1906-09-11,254.9,15,0.03,0.04,low
1906-09-11,254.9,18,0.03,0.04,low
1906-09-11,254.9,20,0.03,0.04,low
1906-09-11,254.9,22,0.0,0.0,user
1906-09-15,258.4,0,6.33,9.05,anchor
1906-09-15,258.4,5,5.85,8.36,high
1906-09-15,258.4,6,6.33,9.05,user
1906-09-15,258.4,7,6.33,9.05,user
1906-09-15,258.4,8,5.33,7.62,anchor
1906-09-15,258.4,10,3.01,4.3,anchor
1906-09-15,258.4,12,0.15,0.21,high
1906-09-15,258.4,15,0.03,0.04,low
1906-09-15,258.4,18,0.03,0.04,low
1906-09-15,258.4,20,0.03,0.04,low
1906-09-15,258.4,22,0.03,0.04,anchor
1906-09-21,264.3,0,6.74,9.63,anchor
1906-09-21,264.3,5,6.02,8.6,high
1906-09-21,264.3,6,6.74,9.63,user
1906-09-21,264.3,7,6.74,9.63,user
1906-09-21,264.3,8,5.69,8.13,anchor
1906-09-21,264.3,10,4.76,6.8,anchor
1906-09-21,264.3,12,2.02,2.89,high
1906-09-21,264.3,15,0.15,0.21,high
1906-09-21,264.3,18,0.03,0.04,low
1906-09-21,264.3,20,0.03,0.04,low
1906-09-21,264.3,22,0.0,0.0,user
1906-09-27,270.4,0,6.22,8.89,anchor
1906-09-27,270.4,5,5.95,8.5,high
1906-09-27,270.4,6,6.22,8.89,user
1906-09-27,270.4,7,6.22,8.89,user
1906-09-27,270.4,8,5.84,8.35,anchor
1906-09-27,270.4,10,5.76,8.23,anchor
1906-09-27,270.4,12,5.55,7.93,high
1906-09-27,270.4,15,0.07,0.1,high
1906-09-27,270.4,18,0.03,0.04,low
1906-09-27,270.4,20,0.03,0.04,low
1906-09-27,270.4,22,0.0,0.0,user
1906-09-30,273.9,0,6.0,8.57,anchor
1906-09-30,273.9,5,5.93,8.47,high
1906-09-30,273.9,6,6.0,8.57,user
1906-09-30,273.9,7,6.0,8.57,user
1906-09-30,273.9,8,5.8,8.29,anchor
1906-09-30,273.9,10,5.7,8.15,anchor
1906-09-30,273.9,12,4.85,6.93,high
1906-09-30,273.9,15,0.0,0.0,high
1906-09-30,273.9,18,0.03,0.04,low
1906-09-30,273.9,20,0.03,0.04,low
1906-09-30,273.9,22,0.0,0.0,user
1906-10-04,277.7,0,5.53,7.9,anchor
1906-10-04,277.7,5,5.45,7.79,high
1906-10-04,277.7,6,5.53,7.9,user
1906-10-04,277.7,7,5.53,7.9,user
1906-10-04,277.7,10,4.76,6.8,anchor
1906-10-04,277.7,12,4.22,6.03,high
1906-10-04,277.7,15,0.12,0.17,high
1906-10-04,277.7,18,0.03,0.04,low
1906-10-04,277.7,20,0.03,0.04,low
1906-10-08,281.0,0,5.11,7.3,anchor
1906-10-08,281.0,5,5.11,7.3,user
1906-10-08,281.0,6,5.11,7.3,user
1906-10-08,281.0,7,5.11,7.3,user
1906-10-08,281.0,10,5.11,7.3,anchor
1906-10-08,281.0,12,4.98,7.12,high
1906-10-08,281.0,15,2.65,3.79,high
1906-10-08,281.0,18,0.03,0.04,low
1906-10-08,281.0,20,0.03,0.04,low
1906-10-08,281.0,22,0.03,0.04,anchor
1906-10-11,284.2,0,5.01,7.16,anchor
1906-10-11,284.2,5,5.0,7.15,low
1906-10-11,284.2,6,5.01,7.16,user
1906-10-11,284.2,7,5.01,7.16,user
1906-10-11,284.2,8,5.01,7.16,anchor
1906-10-11,284.2,10,5.0,7.15,anchor
1906-10-11,284.2,12,5.0,7.15,low
1906-10-11,284.2,15,5.0,7.15,low
1906-10-11,284.2,18,5.0,7.15,low
1906-10-11,284.2,20,5.0,7.15,low
1906-10-11,284.2,22,5.02,7.17,anchor
1906-10-20,293.9,0,6.02,8.6,anchor
1906-10-20,293.9,5,5.75,8.22,high
1906-10-20,293.9,6,6.02,8.6,user
1906-10-20,293.9,7,6.02,8.6,user
1906-10-20,293.9,8,4.83,6.9,anchor
1906-10-20,293.9,10,5.53,7.9,anchor
1906-10-20,293.9,12,5.31,7.59,low
1906-10-20,293.9,15,5.0,7.15,low
1906-10-20,293.9,18,4.75,6.79,low
1906-10-20,293.9,20,4.75,6.79,low
1906-10-20,293.9,22,4.58,6.54,anchor
1906-10-24,297.4,0,5.91,8.45,anchor
1906-10-24,297.4,5,5.8,8.29,low
1906-10-24,297.4,6,5.91,8.45,user
1906-10-24,297.4,7,5.91,8.45,user
1906-10-24,297.4,8,5.7,8.15,anchor
1906-10-24,297.4,10,5.71,8.16,anchor
1906-10-24,297.4,12,5.7,8.15,low
1906-10-24,297.4,15,5.7,8.15,low
1906-10-24,297.4,18,5.7,8.15,low
1906-10-24,297.4,20,5.7,8.15,low
1906-10-24,297.4,22,5.7,8.15,anchor
1906-11-02,306.2,0,7.09,10.13,anchor
1906-11-02,306.2,5,6.9,9.86,high
1906-11-02,306.2,6,7.09,10.13,user
1906-11-02,306.2,7,7.09,10.13,user
1906-11-02,306.2,8,6.69,9.56,anchor
1906-11-02,306.2,10,6.69,9.56,anchor
1906-11-02,306.2,12,6.69,9.56,low
1906-11-02,306.2,15,6.69,9.56,low
1906-11-02,306.2,18,6.69,9.56,low
1906-11-02,306.2,20,6.69,9.56,low
1906-11-02,306.2,22,6.5,9.29,anchor
1906-11-08,312.3,0,7.1,10.15,anchor
1906-11-08,312.3,5,6.99,9.99,high
1906-11-08,312.3,6,7.1,10.15,user
1906-11-08,312.3,7,7.1,10.15,user
1906-11-08,312.3,8,6.27,8.96,anchor
1906-11-08,312.3,10,6.93,9.9,anchor
1906-11-08,312.3,12,6.78,9.69,low
1906-11-08,312.3,15,6.78,9.69,low
1906-11-08,312.3,18,5.8,8.29,low
1906-11-08,312.3,20,5.8,8.29,low
1906-11-08,312.3,22,5.51,7.87,anchor
1906-11-10,314.0,0,6.96,9.95,anchor
1906-11-10,314.0,5,6.96,9.95,low
1906-11-10,314.0,6,6.96,9.95,user
1906-11-10,314.0,7,6.96,9.95,user
1906-11-10,314.0,8,6.96,9.95,anchor
1906-11-10,314.0,10,6.96,9.95,anchor
1906-11-10,314.0,12,6.96,9.95,low
1906-11-10,314.0,15,6.96,9.95,low
1906-11-10,314.0,18,6.96,9.95,low
1906-11-10,314.0,20,6.96,9.95,low
1906-11-10,314.0,22,6.96,9.95,anchor
1906-11-26,330.1,0,7.62,10.89,anchor
1906-11-26,330.1,5,7.62,10.89,low
1906-11-26,330.1,6,7.62,10.89,user
1906-11-26,330.1,7,7.62,10.89,user
1906-11-26,330.1,8,7.62,10.89,anchor
1906-11-26,330.1,10,7.62,10.89,anchor
1906-11-26,330.1,12,7.62,10.89,low
1906-11-26,330.1,15,7.62,10.89,low
1906-11-26,330.1,18,7.62,10.89,low
1906-11-26,330.1,20,7.62,10.89,low
1906-11-26,330.1,22,7.62,10.89,anchor
